{"accuracy": 0.9984081074415372, "precision": 0.99945180447693, "recall": 0.9940930570701563, "f1": 0.9967652284842133}