{"accuracy": 0.9984753705073878, "precision": 0.9989780750650316, "recall": 0.99472710453284, "f1": 0.9968480578474089}