{"accuracy": 0.9985426335732382, "precision": 0.9990977986286539, "recall": 0.9950579566897295, "f1": 0.9970737856210327}